LC209450.1|GII.P16_GII.2|Amp1,29:1990,1961,gii2noro_1_LEFT,TGCTTGCAACAACAACAACGAC,gii2noro_5_RIGHT,AAGAATGGCAACACCCCACATG,1
LC209450.1|GII.P16_GII.2|Amp2,1540:3690,2150,gii2noro_5_LEFT,TCACAGGAGATCAAAGAGTTGGACT,gii2noro_10_RIGHT,AGGGACATATGAGCCTGCCTAC,2
LC209450.1|GII.P16_GII.2|Amp3,2900:5104,2204,gii2noro_9_LEFT,AGTGACTGGTTCGGAAATCAGAAA,gii2noro_14_RIGHT,GAATGACGCCGCTCCATCTACT,1
LC209450.1|GII.P16_GII.2|Amp4,4290:6568,2278,gii2noro_13_LEFT,TGGGACTCAACACAACAGAGGG,gii2noro_18_RIGHT,CCACAGAGCTGGTTTCATGACA,2
LC209450.1|GII.P16_GII.2|Amp5,5697:7494,1797,gii2noro_17_LEFT,TGATTTCACATATCTGGTGCCACC,gii2noro_21_RIGHT,TCACAGGTTTAGTGAAAAGGTGAAAATTTA,1
KC597140.1|GII.3|Amp1,0:2258,2258,gii3noro_1_LEFT,ACCGCAAAATCTTCAAGTGACAGA,gii3noro_5_RIGHT,CACTTGAGTCTGATGGCAAGGG,1
KC597140.1|GII.3|Amp2,1267:3473,2206,gii3noro_4_LEFT,AGGAGAAGGCCAGGAAACTCTC,gii3noro_8_RIGHT,GCGGGGGAAACACTGTCATATG,2
KC597140.1|GII.3|Amp3,2918:5028,2110,gii3noro_8_LEFT,GGCTGATGATGACAGAAGTGTGG,gii3noro_12_RIGHT,GGCTCCCAGCTTTGTGAATGAA,1
KC597140.1|GII.3|Amp4,4452:6756,2304,gii3noro_12_LEFT,CTTCTCACTCTCTGTGCGCTCT,gii3noro_16_RIGHT,AGTTAATGCAGGGGCTAATGCT,2
KC597140.1|GII.3|Amp5,5725:7192,1467,gii3noro_15_LEFT,TCTGAAATGTCTAATTCTAGGTTTCCAGT,gii3noro_17_RIGHT,CGATCCAGCGGGTCTACAGTTA,1
MG214988.1|GII.4|Amp1,0:2192,2192,gii4noro_1_LEFT,GTGAATGAAAATGGCGTCTAACGA,gii4noro_6_RIGHT,GGGCTGATGGACACAATGAGAG,1
MG214988.1|GII.4|Amp2,1349:3549,2200,gii4noro_5_LEFT,CAACCAAATCTGCTTCACCCGA,gii4noro_10_RIGHT,TCATATGTGCCACCCAGGGAAG,2
MG214988.1|GII.4|Amp3,2728:4887,2159,gii4noro_9_LEFT,AGAGAAGAAAGGAATGGTAAGTACTCCA,gii4noro_14_RIGHT,CACACTCCCAGAGACCCATACA,1
MG214988.1|GII.4|Amp4,4392:6603,2211,gii4noro_14_LEFT,AGTTGCAGAAGACCTCCTCTCC,gii4noro_19_RIGHT,GCTCACACTGGCCAACATGATT,2
MG214988.1|GII.4|Amp5,5768:7493,1725,gii4noro_18_LEFT,GTCCCAGTTTTGACTGTTGAGGA,gii4noro_22_RIGHT,GCTCTTCGCTCACATTCGTAAGC,1
KY424344.1|GII.6|Amp1,3:1969,1966,gii6noro_1_LEFT,TTGGCAGCCAAAACTCTGTCAA,gii6noro_5_RIGHT,TTGACAAGAATGGCAACACCCC,1
KY424344.1|GII.6|Amp2,1501:3718,2217,gii6noro_5_LEFT,GGCTAAGAGTATCGCCAACACC,gii6noro_10_RIGHT,CATCCCTGCAGCAAGTCATGAG,2
KY424344.1|GII.6|Amp3,2864:5179,2315,gii6noro_9_LEFT,CTTGGTTTGGTCACTGGCTCAG,gii6noro_14_RIGHT,CCTGTCGTCGGCCAACAAAATA,1
KY424344.1|GII.6|Amp4,4341:6683,2342,gii6noro_13_LEFT,CACAAGTGGTTGCAGAGGACCT,gii6noro_18_RIGHT,AGGGGCGCAGAAGAGTTCAATA,2
KY424344.1|GII.6|Amp5,5774:7391,1617,gii6noro_17_LEFT,AGACATGTTGTACACTGACCCCA,gii6noro_20_RIGHT,AGCTGTTTTGGACTCCTGGACT,1
KC464497.1|GII.12|Amp1,3:1999,1996,gii12noro_1_LEFT,AAGATGGCCTCTAACGACGCTT,gii12noro_5_RIGHT,GATAAGAACGGCAACACCCCAC,1
KC464497.1|GII.12|Amp2,1504:3537,2033,gii12noro_5_LEFT,GGAAGACCCATCTTGCCAGAGA,gii12noro_9_RIGHT,CGGAGGGAACACTGTCATCTGT,2
KC464497.1|GII.12|Amp3,2998:5025,2027,gii12noro_9_LEFT,GTGTCGATTACAATGAAAAGCTCAGT,gii12noro_13_RIGHT,GCAAGAGCCAATGTTTCGATGG,1
KC464497.1|GII.12|Amp4,4564:6539,1975,gii12noro_13_LEFT,TCATCCAAGCAAACTCACTCTTCT,gii12noro_17_RIGHT,GGGCGTGTCCTATTTGAAGCAA,2
KC464497.1|GII.12|Amp5,6011:7471,1460,gii12noro_17_LEFT,ACGGAACCCCTTTTGATCCAAC,gii12noro_20_RIGHT,CGGAGAGGGGAGTCACAAGTTT,1
KY947548.1|GII.P16_GII.13|Amp1,0:2140,2140,gii13noro_1_LEFT,TGAATGAAGATGGCGTCTAACGA,gii13noro_6_RIGHT,TTTGACCGGAACAGAATCGCTG,1
KY947548.1|GII.P16_GII.13|Amp2,1309:3533,2224,gii13noro_5_LEFT,TGAAAACACTAGACATGGAGGAGGA,gii13noro_10_RIGHT,GTGGAAACACCGTCATCTGTGC,2
KY947548.1|GII.P16_GII.13|Amp3,3006:5175,2169,gii13noro_10_LEFT,GAGAAACTGGACTTTGAGGCCC,gii13noro_15_RIGHT,AGACTATGCCATTGGAACCCGT,1
KY947548.1|GII.P16_GII.13|Amp4,4378:6490,2112,gii13noro_14_LEFT,TGGCACAAATAGTCGCTGAGGA,gii13noro_19_RIGHT,TTATCAAGAGGCTGCTCCCTCC,2
KY947548.1|GII.P16_GII.13|Amp5,5691:7376,1685,gii13noro_18_LEFT,TAGGCCAACCCCTGACTTTGAA,gii13noro_22_RIGHT,TTTTGGACTCCTGGACACCTGT,1
GU594162.1|GII.14|Amp1,1:1929,1928,gii14noro_1_LEFT,TGAATGAAGATGGCGTCTAACCG,gii14noro_5_RIGHT,GCCAACCTGACATGTGGAAAGA,1
GU594162.1|GII.14|Amp2,1421:3421,2000,gii14noro_5_LEFT,CTGCTGCCAGATCCCTTCTACA,gii14noro_9_RIGHT,TGCGAAGAACATGGATCTTGGC,2
GU594162.1|GII.14|Amp3,2908:5175,2267,gii14noro_9_LEFT,TTAGTCACCGGCACAGACATCA,gii14noro_14_RIGHT,GTTATGGCTCTTGAACCCGTCG,1
GU594162.1|GII.14|Amp4,4350:6585,2235,gii14noro_13_LEFT,GGTGCGATTTTCTGCTGAACCA,gii14noro_18_RIGHT,GCAGCATCTGGAGATCACCCTA,2
GU594162.1|GII.14|Amp5,5747:7482,1735,gii14noro_17_LEFT,ACTAAGAATTTCACCCTTCCCGTT,gii14noro_21_RIGHT,GGCGAGGGGAGTCACAGATTTA,1
KP998539.1|GII.17|Amp1,1:2134,2133,gii17noro_1_LEFT,TGAATGAAGATGGCGTCTAACGA,gii17noro_6_RIGHT,GCCAACCTTCAATTTTGACCGC,1
KP998539.1|GII.17|Amp2,1302:3494,2192,gii17noro_5_LEFT,CCTGGCCACATACATGAGGACT,gii17noro_10_RIGHT,AAAAGGGGCAATGACCTTGTGG,2
KP998539.1|GII.17|Amp3,3002:5133,2131,gii17noro_10_LEFT,GGAGCGTGGATTACAATGAGAGG,gii17noro_15_RIGHT,GACGCCGCTCCATCTAATGATG,1
KP998539.1|GII.17|Amp4,4296:6498,2202,gii17noro_14_LEFT,TGATGCTGATTACTCCCGCTGG,gii17noro_19_RIGHT,TATCAGGAATCAGCACCCTCCC,2
KP998539.1|GII.17|Amp5,6029:7454,1425,gii17noro_19_LEFT,GACCCAACTGATGATGTGCCAG,gii17noro_22_RIGHT,TTTAACACACACAGACAGCCGC,1
KX079488.1|GII.21|Amp1,0:1977,1977,gii21noro_1_LEFT,GTGAATGAAGATGGCGTCTAACGA,gii21noro_5_RIGHT,TAGCCCCACAAGGAGGTTTTGA,1
KX079488.1|GII.21|Amp2,1462:3704,2242,gii21noro_5_LEFT,CGACCGGTCGTTGTGATGATTT,gii21noro_10_RIGHT,CCCGGAACCTATGAACCAGCTT,2
KX079488.1|GII.21|Amp3,2869:5124,2255,gii21noro_9_LEFT,AGACCAACAAGAAAGCAACGCA,gii21noro_14_RIGHT,GACGCCGCTCCATCTAATGATG,1
KX079488.1|GII.21|Amp4,4268:6564,2296,gii21noro_13_LEFT,CCAGATACAGATACCATTATGATGCAGA,gii21noro_18_RIGHT,TTTGAGGCCAAACTGCATAGGC,2
KX079488.1|GII.21|Amp5,5693:7473,1780,gii21noro_17_LEFT,ACCAGACCTACTCCGGACTTTG,gii21noro_21_RIGHT,GGAGTCACAAGCCTAGTGAAAAGA,1
KJ196292.1|GI|Amp1,15:2220,2205,ginoro_31-40_1_LEFT,GTCTAACGACGCTATTGCCGTT,ginoro_31-40_7_RIGHT,AGGGCAACACACCATTTGGAAA,1
KJ196292.1|GI|Amp2,1497:3429,1932,ginoro_31-40_6_LEFT,AGATAAGAAATTGGCCAGAACTTACATG,ginoro_31-40_11_RIGHT,CCACAACCCATGTCATACCACC,2
KJ196292.1|GI|Amp3,2751:5085,2334,ginoro_31-40_10_LEFT,CAAGCACAAAGAGCACAACTGC,ginoro_31-40_17_RIGHT,AGGATGCCATTGGATACCAGGG,1
KJ196292.1|GI|Amp4,4396:6575,2179,ginoro_31-40_16_LEFT,GTGTACACAAAAATCAAAAAGAGACTGCT,ginoro_31-40_22_RIGHT,ACCCGTCAGTGATGGACACAAA,2
KJ196292.1|GI|Amp5,5905:7668,1763,ginoro_31-40_21_LEFT,TGACAACACACCAACCATGAGG,ginoro_31-40_26_RIGHT,CCTTATTCGCGAACAGGGGTAA,1
KP407451.1|GI|Amp1,16:2118,2102,ginoro_1-10_1_LEFT,TCGAAAGACGTCGTTGCGACTA,ginoro_1-10_7_RIGHT,ACACGTCGGCACTGAAAGATTG,1
KP407451.1|GI|Amp2,1379:3468,2089,ginoro_1-10_6_LEFT,TCTTTGGTGGGGATCAGACTGA,ginoro_1-10_12_RIGHT,TCCATAGGGCCGGAGAATTCAC,2
KP407451.1|GI|Amp3,2821:4922,2101,ginoro_1-10_11_LEFT,GGACTATGTGAGACTGAGGAGGA,ginoro_1-10_17_RIGHT,GACCCAGCAAAATTGACACAGG,1
KP407451.1|GI|Amp4,4238:6390,2152,ginoro_1-10_16_LEFT,GCACCGCCTTCATTAGAGAGTT,ginoro_1-10_22_RIGHT,CAGACTCAAGATCGGGACCCAT,2
KP407451.1|GI|Amp5,5698:7656,1958,ginoro_1-10_21_LEFT,CAACGCCTTCACAGCTGGAAAG,ginoro_1-10_27_RIGHT,TGGGCACCATATTCAGATTTGGTTTTAAT,1
KF429774.1|GI|Amp1,16:2132,2116,ginoro_11-20_1_LEFT,AAAGACGTCGTTCCTACTGCTG,ginoro_11-20_7_RIGHT,TGCTTCAAGCCCGATTTCTCAC,1
KF429774.1|GI|Amp2,1450:3584,2134,ginoro_11-20_6_LEFT,ACATCAGTGACTCAGCTCGTGA,ginoro_11-20_12_RIGHT,AAACGGGATTCGGGTGAACTAC,2
KF429774.1|GI|Amp3,2860:4974,2114,ginoro_11-20_11_LEFT,ATGGTACCAAGTGATGCCGTCC,ginoro_11-20_17_RIGHT,GGCCTGACAAAACAGAAGGACC,1
KF429774.1|GI|Amp4,4289:6424,2135,ginoro_11-20_16_LEFT,TGTATGAGAATGCTAAACATATGAAACCCA,ginoro_11-20_22_RIGHT,ACACTTTTGTCCCCCATCTTGG,2
KF429774.1|GI|Amp5,5800:7570,1770,ginoro_11-20_21_LEFT,TGCTGATGTTAGGACTCTAGACCC,ginoro_11-20_26_RIGHT,CAGACAGGTTGCCATTATTCGCA,1
KF039730.1|GI|Amp1,18:2213,2195,ginoro_21-30_1_LEFT,GACGTCGTTCCTACTGCTGCTA,ginoro_21-30_7_RIGHT,GTAAGGGTGTGATGAAGCCCAC,1
KF039730.1|GI|Amp2,1547:3660,2113,ginoro_21-30_6_LEFT,GAATGCCGACCCACACGTAGTA,ginoro_21-30_12_RIGHT,TGTCCATGGCCAATCAGGGATG,2
KF039730.1|GI|Amp3,2950:5095,2145,ginoro_21-30_11_LEFT,GCCGTGGTCTGAGTGATGAAGA,ginoro_21-30_17_RIGHT,GAACGCCAAATCTTCTGGACCC,1
KF039730.1|GI|Amp4,4431:6709,2278,ginoro_21-30_16_LEFT,GCTTTTGGCCCATTTTGTGACG,ginoro_21-30_23_RIGHT,TGCTAGTGAACAAGCCCCTACT,2
KF039730.1|GI|Amp5,6048:7569,1521,ginoro_21-30_22_LEFT,ACTCCCAAATCTGCCATTGAGTT,ginoro_21-30_26_RIGHT,AGACAGGTTGCCATTATTCGCA,1
